x,y,z,reward,terminated,truncated,waypoint_idx
-0.5419803261756897,0.2607863247394562,1.6875025033950806,2.4950353924832767,False,False,0
-0.5418113470077515,0.2607147693634033,1.6869336366653442,2.5208000278088654,False,False,0
-0.5412427186965942,0.26042065024375916,1.6858806610107422,2.5342985368255424,False,False,0
-0.5401171445846558,0.25974786281585693,1.6846212148666382,2.536395798698841,False,False,0
-0.5383376479148865,0.2586360573768616,1.6832084655761719,2.5428855077385046,False,False,0
-0.5358836650848389,0.25710752606391907,1.681482195854187,2.558530080713531,False,False,0
-0.5327425003051758,0.2552972435951233,1.6791993379592896,2.5868228097576695,False,False,0
-0.5288070440292358,0.25339680910110474,1.676477313041687,2.5976743848887263,False,False,0
-0.5239478349685669,0.2515522837638855,1.6738331317901611,2.583978476171272,False,False,0
-0.5181421041488647,0.24979674816131592,1.6710842847824097,2.6039411637622063,False,False,0
-0.511513352394104,0.24805407226085663,1.6679366827011108,2.62181775125156,False,False,0
-0.5042896270751953,0.24622118473052979,1.6645550727844238,2.6319272028550103,False,False,0
-0.49674347043037415,0.2443280667066574,1.6613013744354248,2.624471709582485,False,False,0
-0.48907506465911865,0.24262236058712006,1.6581058502197266,2.6382686063731335,False,False,0
-0.4812079668045044,0.24132715165615082,1.6545485258102417,2.6664057446816782,False,False,0
-0.4729864299297333,0.24049541354179382,1.6506024599075317,2.6842789765094444,False,False,0
-0.4644260108470917,0.23999345302581787,1.6467626094818115,2.6745207258469654,False,False,0
-0.45568081736564636,0.23953378200531006,1.6433101892471313,2.66749465255324,False,False,0
-0.44700777530670166,0.2388451248407364,1.6400116682052612,2.6774929419525284,False,False,0
-0.4386272132396698,0.23787857592105865,1.6364128589630127,2.708320406445805,False,False,0
-0.4305225610733032,0.23663386702537537,1.6323833465576172,2.7314240823976834,False,False,0
-0.42251065373420715,0.23508670926094055,1.628312349319458,2.730895116298747,False,False,0
-0.4143677353858948,0.2332649677991867,1.6242138147354126,2.745554812096191,False,False,0
-0.4059285819530487,0.23120450973510742,1.6197410821914673,2.771287328628822,False,False,0
-0.3971979320049286,0.22885867953300476,1.6152598857879639,2.763550956302787,False,False,0
-0.3884449005126953,0.22620852291584015,1.6110631227493286,2.7641542097732184,False,False,0
-0.3800106644630432,0.22341127693653107,1.6071029901504517,2.7645109098174343,False,False,0
-0.3719414174556732,0.2207312434911728,1.6029274463653564,2.796302404369167,False,False,0
-0.364084392786026,0.21840400993824005,1.598384976387024,2.8127520734804756,False,False,0
-0.3562498986721039,0.2164878398180008,1.5938458442687988,2.814594333086791,False,False,0
-0.348402738571167,0.21490713953971863,1.5896143913269043,2.8074593544276167,False,False,0
-0.3408188819885254,0.21358133852481842,1.5855398178100586,2.819089649548342,False,False,0
-0.3337756097316742,0.21241149306297302,1.581244707107544,2.8420755190558658,False,False,0
-0.3273855745792389,0.21132375299930573,1.576695442199707,2.8581915873915515,False,False,0
-0.32172632217407227,0.2103182077407837,1.5720703601837158,2.867434860246905,False,False,0
-0.31669124960899353,0.20945823192596436,1.5674026012420654,2.8776516381446235,False,False,0
-0.3119906783103943,0.20867204666137695,1.562471628189087,2.8975213653396223,False,False,0
-0.30749186873435974,0.20777033269405365,1.557008981704712,2.9237461994177103,False,False,0
-0.3032343089580536,0.20658645033836365,1.5517178773880005,2.9029016399266125,False,False,0
-0.2992895841598511,0.20503631234169006,1.5468720197677612,2.902101417811707,False,False,0
-0.2956766188144684,0.20325867831707,1.5419986248016357,2.9130149680405966,False,False,0
-0.2923552989959717,0.20144493877887726,1.5368491411209106,2.9283980347333256,False,False,0
-0.28911295533180237,0.19959278404712677,1.5315196514129639,2.9333042638940827,False,False,0
-0.2857181131839752,0.19762268662452698,1.5261636972427368,2.9363074999376284,False,False,0
-0.2821531891822815,0.19549265503883362,1.5209637880325317,2.9305833249965887,False,False,0
-0.27844342589378357,0.19321899116039276,1.5158653259277344,2.9349418952341746,False,False,0
-0.27464205026626587,0.19085915386676788,1.5106337070465088,2.9450576543814173,False,False,0
-0.27094247937202454,0.18863801658153534,1.5052498579025269,2.9534199512924824,False,False,0
-0.26754072308540344,0.1867780238389969,1.5000606775283813,2.94597140496284,False,False,0
-0.2643287777900696,0.18544068932533264,1.494890809059143,2.9592399641229044,False,False,0
-0.2610005736351013,0.18466562032699585,1.4892823696136475,2.9780975204096176,False,False,0
-0.25734028220176697,0.1842852234840393,1.483686089515686,2.968279623436804,False,False,0
-0.25333577394485474,0.18407075107097626,1.4784477949142456,2.9632986685678597,False,False,0
-0.2492128312587738,0.18390662968158722,1.4733142852783203,2.9690460178031106,False,False,0
-0.24532635509967804,0.18376201391220093,1.4681657552719116,2.9744512108782595,False,False,0
-0.24189940094947815,0.18362006545066833,1.4629621505737305,2.9826351781022375,False,False,0
-0.23892904818058014,0.18348734080791473,1.457468032836914,2.998728916589421,False,False,0
-0.23620280623435974,0.18336431682109833,1.4517676830291748,3.002838926880444,False,False,0
-0.2335425317287445,0.18311679363250732,1.4461747407913208,3.0004546503415965,False,False,0
-0.23089760541915894,0.18261615931987762,1.4405033588409424,3.0109380710691527,False,False,0
-0.2282380610704422,0.1818731129169464,1.4346643686294556,3.0152012218644613,False,False,0
-0.22561781108379364,0.18095189332962036,1.42909574508667,3.004978971587289,False,False,0
-0.22310107946395874,0.17985619604587555,1.4236294031143188,3.0133933923162863,False,False,0
-0.2206452488899231,0.17858733236789703,1.4178941249847412,3.0230587600798384,False,False,0
-0.21818792819976807,0.17716224491596222,1.4119236469268799,3.029734185926609,False,False,0
-0.21572372317314148,0.17565162479877472,1.406238317489624,3.0169763888244145,False,False,0
-0.21330903470516205,0.17418934404850006,1.4007200002670288,3.0246641990154797,False,False,0
-0.2109757661819458,0.17283907532691956,1.3948404788970947,3.0381835383885467,False,False,0
-0.20875991880893707,0.17158588767051697,1.3889912366867065,3.031383984265401,False,False,0
-0.20676428079605103,0.1703711450099945,1.3834433555603027,3.029511206209643,False,False,0
-0.2050285041332245,0.16913174092769623,1.3781242370605469,3.0265048440238496,False,False,0
-0.20356114208698273,0.16775819659233093,1.3727787733078003,3.033288090075494,False,False,0
-0.2022290825843811,0.16608867049217224,1.3670785427093506,3.043384899275082,False,False,0
-0.20088401436805725,0.16402478516101837,1.36109459400177,3.047020427466775,False,False,0
-0.19943851232528687,0.16162864863872528,1.3552536964416504,3.039810937382877,False,False,0
-0.19782178103923798,0.15898223221302032,1.3495073318481445,3.0428349858427106,False,False,0
-0.1960347592830658,0.15612967312335968,1.3433583974838257,3.055759792207403,False,False,0
-0.19406241178512573,0.15315364301204681,1.3371418714523315,3.049579717280942,False,False,0
-0.19196546077728271,0.15005767345428467,1.3314108848571777,3.039548046702051,False,False,0
-0.1898249089717865,0.14694920182228088,1.325979232788086,3.039924031128365,False,False,0
-0.18759965896606445,0.14396552741527557,1.3203953504562378,3.0480017661786176,False,False,0
-0.18518458306789398,0.14117030799388885,1.3146626949310303,3.0500886011954753,False,False,0
-0.18257646262645721,0.13854637742042542,1.3090873956680298,3.0469915811655977,False,False,0
-0.17986483871936798,0.13604147732257843,1.303817868232727,3.0437692870107087,False,False,0
-0.1772093027830124,0.13366000354290009,1.2988390922546387,3.0420326211026367,False,False,0
-0.17475579679012299,0.13136737048625946,1.2937572002410889,3.0515726960375735,False,False,0
-0.17259761691093445,0.1292213350534439,1.2885487079620361,3.0531858425292664,False,False,0
-0.17082616686820984,0.1271616369485855,1.2836023569107056,3.048848664893694,False,False,0
-0.1693846434354782,0.1250123828649521,1.2788485288619995,3.049776196062358,False,False,0
-0.1681358367204666,0.12278914451599121,1.273836612701416,3.058291433256118,False,False,0
-0.16705037653446198,0.12056587636470795,1.2686268091201782,3.0588495334081998,False,False,0
-0.1661389172077179,0.11824750900268555,1.2637512683868408,3.0505686051593193,False,False,0
-0.16543692350387573,0.11574748158454895,1.2588940858840942,3.0567626127284804,False,False,0
-0.16499298810958862,0.11313490569591522,1.2539734840393066,3.053606801879587,False,False,0
-0.16469068825244904,0.1103864386677742,1.2491428852081299,3.0530473049054003,False,False,0
-0.16428402066230774,0.10753542929887772,1.244203805923462,3.0554253560880094,False,False,0
-0.16357149183750153,0.10480926185846329,1.2391552925109863,3.0565673501270787,False,False,0
-0.16243422031402588,0.10241494327783585,1.234461784362793,3.048853407513627,False,False,0
-0.1608060896396637,0.10045690834522247,1.2298952341079712,3.0540294391734757,False,False,0
-0.1586809605360031,0.09906748682260513,1.2250220775604248,3.059646403964024,False,False,0
-0.15617385506629944,0.09847544878721237,1.2203185558319092,3.0549969142349354,False,False,0
-0.1535523682832718,0.09877622127532959,1.2159712314605713,3.054813478994726,False,False,0
-0.15095198154449463,0.09983501583337784,1.2113784551620483,3.064023606615698,False,False,0
-0.14840427041053772,0.10142263025045395,1.2062808275222778,3.07121628561701,False,False,0
-0.1458921730518341,0.10328076034784317,1.2013062238693237,3.0672765486684193,False,False,0
-0.1433546394109726,0.1050911620259285,1.1964337825775146,3.073074453134118,False,False,0
-0.14085441827774048,0.10662040114402771,1.1914138793945312,3.0771109799277725,False,False,0
-0.13859893381595612,0.10778486728668213,1.186435580253601,3.079401939568643,False,False,0
-0.13674162328243256,0.1085939109325409,1.1813311576843262,3.085323314210147,False,False,0
-0.13523997366428375,0.10915549844503403,1.1761608123779297,3.086040461416454,False,False,0
-0.13393566012382507,0.10950934141874313,1.1710214614868164,3.0877398144882826,False,False,0
-0.13261383771896362,0.10962817072868347,1.165838360786438,3.0889466258720386,False,False,0
-0.13114751875400543,0.10943570733070374,1.160610318183899,3.08999027610607,False,False,0
-0.12950216233730316,0.10891184210777283,1.155527114868164,3.08826907618156,False,False,0
-0.1278013437986374,0.10815922170877457,1.1506584882736206,3.088123814412189,False,False,0
-0.12611372768878937,0.1071285679936409,1.1457374095916748,3.0903402360280197,False,False,0
-0.12435831874608994,0.10578842461109161,1.1406033039093018,3.0923386075273864,False,False,0
-0.12263525277376175,0.10413888096809387,1.1357322931289673,3.0883335918690906,False,False,0
-0.12107014656066895,0.10218723118305206,1.131241798400879,3.0875704165301836,False,False,0
-0.11968371272087097,0.10006503015756607,1.1265560388565063,3.0914698050239506,False,False,0
-0.11859714984893799,0.0979447066783905,1.121626615524292,3.0925115782384958,False,False,0
-0.11790895462036133,0.09594781696796417,1.1169984340667725,3.089640715980769,False,False,0
-0.11759759485721588,0.09425978362560272,1.1125720739364624,3.0908024709106656,False,False,0
-0.1176668033003807,0.0930403545498848,1.1080430746078491,3.091356211699501,False,False,0
-0.1180020272731781,0.09213592857122421,1.1034247875213623,3.0909123657309405,False,False,0
-0.11848147213459015,0.09124716371297836,1.0987452268600464,3.089857333070071,False,False,0
-0.11901284754276276,0.09027715027332306,1.0940717458724976,3.088374068292851,False,False,0
-0.11955796927213669,0.08928149193525314,1.0898116827011108,3.0844258769858324,False,False,0
-0.12014038860797882,0.08827174454927444,1.0857248306274414,3.0842042094664563,False,False,0
-0.120697021484375,0.08737454563379288,1.0812712907791138,3.0848873778802752,False,False,0
-0.12127980589866638,0.08680374175310135,1.0769675970077515,3.0820456960506495,False,False,0
-0.1220226138830185,0.08669454604387283,1.073129653930664,3.079939561031827,False,False,0
-0.12293869256973267,0.08705977350473404,1.0692753791809082,3.079206917376713,False,False,0
-0.12404808402061462,0.08781784027814865,1.0650792121887207,3.07820641321326,False,False,0
-0.12535706162452698,0.08884541690349579,1.0608826875686646,3.0754656202515007,False,False,0
-0.12679243087768555,0.09006104618310928,1.0567967891693115,3.073574667756175,False,False,0
-0.12820817530155182,0.0913599506020546,1.0525541305541992,3.072816831642375,False,False,0
-0.12927882373332977,0.09262798726558685,1.048107624053955,3.0724724869964493,False,False,0
-0.12987804412841797,0.09385844320058823,1.043628454208374,3.071861620546623,False,False,0
-0.13008369505405426,0.09508827328681946,1.0394465923309326,3.0710207497034223,False,False,0
-0.1300453394651413,0.09632489085197449,1.0357136726379395,3.0706414530371053,False,False,0
-0.1298760175704956,0.09748082607984543,1.031880259513855,3.071094005022825,False,False,0
-0.12947110831737518,0.09850156307220459,1.0276975631713867,3.071208222592139,False,False,0
-0.1286950558423996,0.09942552447319031,1.0238722562789917,3.071274809231449,False,False,0
-0.12754659354686737,0.1002657487988472,1.0204685926437378,3.0717459747442066,False,False,0
-0.1260032057762146,0.10088430345058441,1.0171011686325073,3.072277992370943,False,False,0
-0.12405279278755188,0.10107553750276566,1.013404369354248,3.0728141166597376,False,False,0
-0.12170305103063583,0.10068559646606445,1.0097315311431885,3.072812929742498,False,False,0
-0.1188497319817543,0.09969229251146317,1.0065395832061768,3.0720236950415503,False,False,0
-0.1154913529753685,0.0981069803237915,1.0034053325653076,3.0716392219385447,False,False,0
-0.11174001544713974,0.09595146030187607,1.0000430345535278,3.0719660526185444,False,False,0
-0.10783230513334274,0.09334603697061539,0.9968785643577576,3.073154854054951,False,False,0
-0.10396914184093475,0.0905376523733139,0.9942981004714966,3.0754777192884633,False,False,0
-0.10024361312389374,0.08788125962018967,0.9919871091842651,3.079887954043587,False,False,0
-0.09668261557817459,0.08554400503635406,0.9895258545875549,3.0841652015396543,False,False,0
-0.0932372659444809,0.08340408653020859,0.9868879914283752,3.087448799711764,False,False,0
-0.08990851789712906,0.08129458129405975,0.9844830632209778,3.090378012087022,False,False,0
-0.0868229866027832,0.07919991761445999,0.9824758172035217,3.0940560940874224,False,False,0
-0.08407506346702576,0.07714230567216873,0.9805566668510437,3.0975365686956033,False,False,0
-0.081697978079319,0.0751640573143959,0.9783629179000854,3.1009553340332143,False,False,0
-0.07993609458208084,0.0732986181974411,0.9761192202568054,3.104924527064876,False,False,0
-0.0790279433131218,0.07167795300483704,0.9742816090583801,3.109311109915291,False,False,0
-0.07903400808572769,0.07053271681070328,0.972486138343811,3.109971885936853,False,False,0
-0.07993753254413605,0.06999953836202621,0.9703905582427979,3.107072797604415,False,False,0
-0.08180876076221466,0.07006124407052994,0.9680905342102051,3.1009488640971448,False,False,0
-0.08470321446657181,0.07052195817232132,0.9657686352729797,3.0935078411078387,False,False,0
-0.08843167126178741,0.07117200642824173,0.9632505178451538,3.0857439641625586,False,False,0
-0.09275589138269424,0.07187327742576599,0.9605029821395874,3.078738471281237,False,False,0
-0.09750300645828247,0.07255031168460846,0.9575053453445435,3.0717019528583362,False,False,0
-0.1024545282125473,0.07306947559118271,0.9545038342475891,3.066759238705621,False,False,0
-0.10739440470933914,0.07335165143013,0.9516340494155884,3.062131864004892,False,False,0
-0.112112857401371,0.07344550639390945,0.9486808776855469,3.058694169971862,False,False,0
-0.11634954810142517,0.07352110743522644,0.9454939961433411,3.0559970370813887,False,False,0
-0.1199796125292778,0.07374773174524307,0.9423753619194031,3.0559067548760295,False,False,0
-0.1230202168226242,0.07412078976631165,0.9397226572036743,3.0568089032900416,False,False,0
-0.12564094364643097,0.07460235059261322,0.9373152852058411,3.055560971339992,False,False,0
-0.12787503004074097,0.07516146451234818,0.9347951412200928,3.0540416853265686,False,False,0
-0.12963367998600006,0.07592104375362396,0.9322282671928406,3.0536761443761598,False,False,0
-0.1309187114238739,0.07698584347963333,0.9299838542938232,3.0555970799349956,False,False,0
-0.13166213035583496,0.07819666713476181,0.9278329014778137,3.054679971895206,False,False,0
-0.1316593736410141,0.0794052854180336,0.9254124164581299,3.053149400406427,False,False,0
-0.1307877153158188,0.08060614764690399,0.9229522943496704,3.0533790451558573,False,False,0
-0.12911632657051086,0.08180303126573563,0.9210073351860046,3.0561583726342625,False,False,0
-0.12683093547821045,0.0830223336815834,0.9194580912590027,3.0565158014284446,False,False,0
-0.12415332347154617,0.08418893069028854,0.9179292321205139,3.0579162598158844,False,False,0
-0.12129104137420654,0.0851784273982048,0.9166215062141418,3.062107383363845,False,False,0
-0.118525430560112,0.08590209484100342,0.9157231450080872,3.0676210526882146,False,False,0
-0.11601302027702332,0.08622682839632034,0.9148851633071899,3.0713792803337703,False,False,0
-0.11387589573860168,0.08612209558486938,0.9139096736907959,3.0755426569945796,False,False,0
-0.11228173971176147,0.0854879692196846,0.9129023551940918,3.0785341741589005,False,False,0
-0.111240454018116,0.0842880830168724,0.9120224118232727,3.0799883774521755,False,False,0
-0.11073901504278183,0.08261223882436752,0.911471426486969,3.079623918525256,False,False,0
-0.11067122966051102,0.08045714348554611,0.9107912182807922,3.0748821660911503,False,False,0
-0.11082509160041809,0.0778273195028305,0.9098525047302246,3.071340067783991,False,False,0
-0.11103653162717819,0.07486457377672195,0.9088162183761597,3.0683806173731947,False,False,0
-0.11113813519477844,0.07170012593269348,0.9080462455749512,3.0680082392520656,False,False,0
-0.11097853630781174,0.06846495717763901,0.9074820876121521,3.0671268285512108,False,False,0
-0.11053375899791718,0.06537611782550812,0.9066501259803772,3.066619643778402,False,False,0
-0.10988204181194305,0.06266596913337708,0.9060214161872864,3.07089458386559,False,False,0
-0.10917643457651138,0.060498833656311035,0.9058549404144287,3.0746853820573685,False,False,0
-0.10847143083810806,0.05888626351952553,0.9056805968284607,3.077407073610286,False,False,0
-0.10780440270900726,0.05781024321913719,0.9054579734802246,3.0807478109842363,False,False,0
-0.10713300108909607,0.05711958557367325,0.9053188562393188,3.0822454886947463,False,False,0
-0.10638590157032013,0.056648146361112595,0.9052056074142456,3.0832816262671368,False,False,0
-0.10567625612020493,0.0563804991543293,0.905104398727417,3.084830895824982,False,False,0
-0.10503572970628738,0.05622108280658722,0.9050123691558838,3.085546898469346,False,False,0
-0.10427585989236832,0.05608252063393593,0.9047151803970337,3.0837629882045503,False,False,0
-0.10321936756372452,0.05607781559228897,0.9042279720306396,3.0828061087960306,False,False,0
-0.10183273255825043,0.056305091828107834,0.9041445851325989,3.0836298494632755,False,False,0
-0.10013289749622345,0.05679478123784065,0.9043381214141846,3.083199898664691,False,False,0
-0.09818936139345169,0.057553134858608246,0.9042088389396667,3.0827430214303746,False,False,0
-0.09604037553071976,0.058516666293144226,0.904119610786438,3.0843293318850664,False,False,0
-0.09372325241565704,0.05959780886769295,0.9043678641319275,3.086139070556088,False,False,0
-0.09121156483888626,0.06075606122612953,0.9045966267585754,3.08707663474968,False,False,0
-0.0884854719042778,0.06205534562468529,0.9046530723571777,3.088687191123396,False,False,0
-0.08574486523866653,0.06349706649780273,0.9049111008644104,3.092310158232217,False,False,0
-0.08320468664169312,0.06510349363088608,0.905353844165802,3.09593907604868,False,False,0
-0.08105703443288803,0.06692659854888916,0.9058900475502014,3.1000530009627254,False,False,0
-0.07950776070356369,0.06880775094032288,0.9064720869064331,3.1049159816065295,False,False,0
-0.07857146114110947,0.0703909695148468,0.9069292545318604,3.110236820867339,False,False,0
-0.07805967330932617,0.0713251531124115,0.9071864485740662,3.1159045045522746,False,False,0
-0.07770214974880219,0.0713057592511177,0.9074028730392456,3.116508172366896,False,False,0
-0.07716590911149979,0.07022513449192047,0.9075415730476379,3.110659395864627,False,False,0
-0.076260045170784,0.06831000000238419,0.9074534177780151,3.10593959597051,False,False,0
-0.07499242573976517,0.06595627218484879,0.9076064229011536,3.105000385963403,False,False,0
-0.07360300421714783,0.06360113620758057,0.9082769751548767,3.106459721994489,False,False,0
-0.07241719216108322,0.06148892641067505,0.9090742468833923,3.1092586299501233,False,False,0
-0.07157163321971893,0.05964724346995354,0.9097297787666321,3.1117210696777002,False,False,0
-0.07102229446172714,0.058015670627355576,0.9103795289993286,3.1131088343307853,False,False,0
-0.07073542475700378,0.05658966302871704,0.9111441969871521,3.1143115513745436,False,False,0
-0.07075715810060501,0.05546446889638901,0.9120321869850159,3.1151478433166666,False,False,0
-0.0712626501917839,0.0546838715672493,0.913060188293457,3.11384384940899,False,False,0
-0.07233721017837524,0.05411853641271591,0.9139852523803711,3.1116396595622446,False,False,0
-0.07379009574651718,0.053595177829265594,0.9147270917892456,3.1088875740848283,False,False,0
-0.0754181519150734,0.052918508648872375,0.9156777858734131,3.1050924712459667,False,False,0
-0.07698941230773926,0.05179990828037262,0.9167550206184387,3.1027228652033316,False,False,0
-0.07825193554162979,0.05011024326086044,0.9175586104393005,3.100254680090729,False,False,0
-0.07922141999006271,0.047905754297971725,0.9182652831077576,3.096674291013713,False,False,0
-0.08004709333181381,0.04534293711185455,0.9193896651268005,3.092694444294153,False,False,0
-0.08077417314052582,0.04261752963066101,0.9207589030265808,3.0909878532197026,False,False,0
-0.08141975104808807,0.03994930535554886,0.9218486547470093,3.0911413560285332,False,False,0
-0.08208596706390381,0.03750506788492203,0.9231306314468384,3.089338455708126,False,False,0
-0.08283105492591858,0.03525227680802345,0.9246026277542114,3.0889278146973784,False,False,0
-0.08353345841169357,0.03311440348625183,0.9257880449295044,3.089217953843976,False,False,0
-0.08410542458295822,0.03111078031361103,0.9268395304679871,3.088705751239545,False,False,0
-0.08453433960676193,0.029147211462259293,0.9280016422271729,3.0871317366719646,False,False,0
-0.08475727587938309,0.02713855914771557,0.9290040731430054,3.0873664643268532,False,False,0
-0.08479370176792145,0.025184180587530136,0.9298450946807861,3.0871289618374504,False,False,0
-0.08467736095190048,0.023304935544729233,0.9309202432632446,3.0855234031604235,False,False,0
-0.08432165533304214,0.02141455188393593,0.9318442344665527,3.0863073581644747,False,False,0
-0.08351528644561768,0.019523125141859055,0.9324148893356323,3.0857438015410374,False,False,0
-0.08214465528726578,0.01769363135099411,0.933115541934967,3.084171365871425,False,False,0
-0.08024996519088745,0.016014238819479942,0.933923602104187,3.0843438107506054,False,False,0
-0.07800088822841644,0.01461875345557928,0.9345245361328125,3.086295998245135,False,False,0
-0.07563146203756332,0.013548653572797775,0.9352942705154419,3.0876236307508043,False,False,0
-0.0733238160610199,0.012781164608895779,0.9363077282905579,3.0906603554442804,False,False,0
-0.07121976464986801,0.01230727881193161,0.9371474385261536,3.0950000279485312,False,False,0
-0.06946882605552673,0.012108847498893738,0.9380545020103455,3.097872738688638,False,False,0
-0.068264439702034,0.012034648098051548,0.9391098022460938,3.1017744622901953,False,False,0
-0.06768473237752914,0.011926854960620403,0.9398608207702637,3.1072566140301503,False,False,0
-0.06780166923999786,0.011814175173640251,0.940460741519928,3.1058605944503364,False,False,0
-0.06867479532957077,0.011739084497094154,0.9415044188499451,3.098531520801185,False,False,0
-0.07015973329544067,0.011725496500730515,0.9424397349357605,3.09752422596041,False,False,0
-0.07208729535341263,0.0118334349244833,0.9430016875267029,3.0936689240263258,False,False,0
-0.074412502348423,0.012101664207875729,0.9437249302864075,3.0881912210516904,False,False,0
-0.07704383879899979,0.012481052428483963,0.9446335434913635,3.0844200373088655,False,False,0
-0.07981032878160477,0.012983876280486584,0.9453985095024109,3.0819752436138677,False,False,0
-0.08260761946439743,0.013635792769491673,0.9458988308906555,3.080011014563815,False,False,0
-0.08535422384738922,0.014464338310062885,0.9464818835258484,3.076866205495448,False,False,0
-0.08805645257234573,0.01551610603928566,0.9471176862716675,3.0747999001629234,False,False,0
-0.09069133549928665,0.01692263036966324,0.9476568698883057,3.0720013439333527,False,False,0
-0.09326264262199402,0.018801480531692505,0.9483264088630676,3.068323243869607,False,False,0
-0.09571245312690735,0.021040111780166626,0.9489421844482422,3.066963259438977,False,False,0
-0.09795861691236496,0.023598583415150642,0.9493497610092163,3.065224967267778,False,False,0
-0.10010728240013123,0.02638743445277214,0.9499432444572449,3.062656160808531,False,False,0
-0.10220558196306229,0.029132721945643425,0.9505215287208557,3.0634612679044593,False,False,0
-0.10417419672012329,0.03159486502408981,0.9507417678833008,3.0651577494606093,False,False,0
-0.10600059479475021,0.03365694358944893,0.9508328437805176,3.0665139473953076,False,False,0
-0.10762161016464233,0.035244423896074295,0.9511287212371826,3.0679596538670646,False,False,0
-0.10900229215621948,0.03639854118227959,0.9513879418373108,3.070073304324382,False,False,0
-0.11012574285268784,0.037209317088127136,0.951339840888977,3.072335324828309,False,False,0
-0.11085359752178192,0.037707723677158356,0.9512748122215271,3.0747865489018085,False,False,0
-0.11110662668943405,0.03790731728076935,0.9512676000595093,3.078040111275002,False,False,0
-0.11079741269350052,0.037926506251096725,0.9511623978614807,3.0754479957188234,False,False,0
-0.10986930876970291,0.03789880871772766,0.9511523842811584,3.072277974687837,False,False,0
-0.10827167332172394,0.03783923014998436,0.9511415958404541,3.0698369803121968,False,False,0
-0.1059691309928894,0.037888724356889725,0.950964093208313,3.0681100479193155,False,False,0
-0.10304255038499832,0.038156893104314804,0.950992226600647,3.0666886300656295,False,False,0
-0.09951913356781006,0.038651350885629654,0.9511705636978149,3.066557924690288,False,False,0
-0.09544982016086578,0.03941929712891579,0.9510898590087891,3.068113943343022,False,False,0
-0.091108039021492,0.040497075766325,0.9508950114250183,3.071359831764897,False,False,0
-0.08678103983402252,0.04179928079247475,0.951043963432312,3.0754052966570167,False,False,0
-0.08271955698728561,0.04324110224843025,0.9513351321220398,3.0819393299419913,False,False,0
-0.07909299433231354,0.04473775997757912,0.9514923095703125,3.0883905802366387,False,False,0
-0.07587351649999619,0.04623984917998314,0.9516300559043884,3.093981097390107,False,False,0
-0.073123037815094,0.04776008427143097,0.951895534992218,3.09943921232369,False,False,0
-0.07089433073997498,0.04931333661079407,0.9521040916442871,3.104767372184168,False,False,0
-0.0692054033279419,0.050899192690849304,0.9523862600326538,3.1087332292100376,False,False,0
-0.06798578053712845,0.05237511172890663,0.9525306224822998,3.1135059953557707,False,False,0
-0.06704924255609512,0.05362614989280701,0.9523835182189941,3.1169839571789475,False,False,0
-0.06642333418130875,0.05457790195941925,0.9524868726730347,3.1198113596233004,False,False,0
-0.06616232544183731,0.055113453418016434,0.9526351690292358,3.1244522317593786,False,False,0
-0.06617245823144913,0.055139314383268356,0.9524931907653809,3.124835522115418,False,False,0
-0.06641432642936707,0.054655637592077255,0.9522391557693481,3.1216318697652925,False,False,0
-0.06677506864070892,0.05368420109152794,0.9521258473396301,3.1181061673703825,False,False,0
-0.06714025139808655,0.05225355178117752,0.9520784616470337,3.114837864402529,False,False,0
-0.0674872174859047,0.05036040395498276,0.9519180655479431,3.1113176582217927,False,False,0
-0.06776071339845657,0.04804281145334244,0.951742947101593,3.1081227355294554,False,False,0
-0.06808939576148987,0.045366186648607254,0.951869547367096,3.103932419374227,False,False,0
-0.0685650184750557,0.042351044714450836,0.9521726965904236,3.100706930947397,False,False,0
-0.06922434270381927,0.039033420383930206,0.9524514675140381,3.0968796463887167,False,False,0
-0.0700179859995842,0.035336803644895554,0.952614426612854,3.09280540781163,False,False,0
-0.07074674963951111,0.031259723007678986,0.9527481198310852,3.0888776811480274,False,False,0
-0.07152935862541199,0.027034921571612358,0.9530394077301025,3.0860858541693585,False,False,0
-0.07264040410518646,0.02293100394308567,0.9536885023117065,3.0830687314417973,False,False,0
-0.07416146993637085,0.019081057980656624,0.9545153379440308,3.0811647421790305,False,False,0
-0.07609423995018005,0.015602252446115017,0.955026388168335,3.0804349687450734,False,False,0
-0.07838860154151917,0.01258002407848835,0.9555751085281372,3.0772339658730994,False,False,0
-0.0808710902929306,0.010070218704640865,0.9564869403839111,3.0750369915418365,False,False,0
-0.08338224142789841,0.008090062066912651,0.9571400284767151,3.075736735008544,False,False,0
-0.08584833890199661,0.00658122543245554,0.9575008749961853,3.0746724882868155,False,False,0
-0.08826327323913574,0.005556426011025906,0.9581032395362854,3.072171237941659,False,False,0
-0.09054573625326157,0.005048233550041914,0.9589155912399292,3.0714800134074465,False,False,0
-0.09259232878684998,0.005158278159797192,0.9597176313400269,3.0708943635333843,False,False,0
-0.09440005570650101,0.005859307944774628,0.9604907631874084,3.0697746520013864,False,False,0
-0.0959315299987793,0.0070250327698886395,0.9611008763313293,3.0695725965794542,False,False,0
-0.0971476286649704,0.00865892507135868,0.9616959095001221,3.0672247756999123,False,False,0
-0.09814535826444626,0.010689428076148033,0.9626102447509766,3.063911505104937,False,False,0
-0.09901464730501175,0.012939800508320332,0.9636327624320984,3.06381663957918,False,False,0
-0.09974991530179977,0.015316510573029518,0.96437668800354,3.0649922212425884,False,False,0
-0.10030338168144226,0.0177506934851408,0.9650685787200928,3.0646152531511275,False,False,0
-0.1004679948091507,0.020276522263884544,0.9658612608909607,3.064423668686401,False,False,0
-0.10010691732168198,0.02299543283879757,0.9664515852928162,3.065438544361714,False,False,0
-0.09907712042331696,0.02586769126355648,0.9667948484420776,3.0655839101569873,False,False,0
-0.0972941517829895,0.028853384777903557,0.9671356081962585,3.065202304493148,False,False,0
-0.09484797716140747,0.031905170530080795,0.9676531553268433,3.0653098450183114,False,False,0
-0.09185486286878586,0.03496292605996132,0.9682923555374146,3.0670957826119425,False,False,0
-0.08851637691259384,0.03786125034093857,0.9690279364585876,3.0706211274844386,False,False,0
-0.08494783937931061,0.04037480056285858,0.9695465564727783,3.076610401523907,False,False,0
-0.08112170547246933,0.04246286302804947,0.9700175523757935,3.079879350803829,False,False,0
-0.07722753286361694,0.04423202574253082,0.9706985950469971,3.0846674374838217,False,False,0
-0.07352009415626526,0.045805539935827255,0.9714661836624146,3.09012183452827,False,False,0
-0.0701911598443985,0.04731421917676926,0.9721741080284119,3.096892803011867,False,False,0
-0.0674542486667633,0.04881136119365692,0.9727869033813477,3.103443459347832,False,False,0
-0.06532265990972519,0.050329484045505524,0.9734876751899719,3.107561894684889,False,False,0
-0.06375905871391296,0.051864683628082275,0.9743597507476807,3.111203275902833,False,False,0
-0.06260252743959427,0.053184159100055695,0.975250244140625,3.1153027858142526,False,False,0
-0.061574872583150864,0.05407579615712166,0.976002037525177,3.1194218471059805,False,False,0
-0.060532283037900925,0.05439528450369835,0.9766079187393188,3.1218488718545028,False,False,0
-0.05942102149128914,0.05413809418678284,0.9773837924003601,3.1196465707576535,False,False,0
-0.058415737003088,0.05351390317082405,0.9783906936645508,3.1199582352600164,False,False,0
-0.05780523642897606,0.05268489196896553,0.9793209433555603,3.1223017162311324,False,False,0
-0.05765343829989433,0.05167568847537041,0.9801305532455444,3.121905128458849,False,False,0
-0.05782347172498703,0.05049651116132736,0.9808381795883179,3.1212155010684066,False,False,0
-0.05811842530965805,0.04912211000919342,0.9816632866859436,3.1173552657416255,False,False,0
-0.05838637799024582,0.04762594774365425,0.9826003909111023,3.116690312808132,False,False,0
-0.05864110589027405,0.04611792787909508,0.9834548234939575,3.116509953946415,False,False,0
-0.05893577262759209,0.044709715992212296,0.9842791557312012,3.1165301198669138,False,False,0
-0.05938112363219261,0.04365116357803345,0.9851680994033813,3.116501989950487,False,False,0
-0.06015096232295036,0.04308455437421799,0.9861779808998108,3.114459520974558,False,False,0
-0.061383724212646484,0.04299772530794144,0.9872298240661621,3.111229661100651,False,False,0
-0.06320816278457642,0.043139826506376266,0.9881394505500793,3.107569104326594,False,False,0
-0.06562277674674988,0.04321034625172615,0.9887979030609131,3.10349576004422,False,False,0
-0.06852231174707413,0.043167226016521454,0.9893396496772766,3.098118710983593,False,False,0
-0.07179266214370728,0.04299941658973694,0.9899153709411621,3.092706683801682,False,False,0
-0.07526858896017075,0.04271746426820755,0.9904016852378845,3.0894775444913054,False,False,0
-0.07883836328983307,0.042491376399993896,0.9906836152076721,3.0863706596822427,False,False,0
-0.08240102976560593,0.04240565374493599,0.9910356402397156,3.0824847851487456,False,False,0
-0.08566559851169586,0.04260314255952835,0.9915725588798523,3.0812334686232647,False,False,0
-0.08844136446714401,0.04324040561914444,0.9918727874755859,3.0835004716335583,False,False,0
-0.0905969962477684,0.04426861181855202,0.9919819235801697,3.0844421430045905,False,False,0
-0.09201538562774658,0.04560241475701332,0.9921645522117615,3.0853145528559796,False,False,0
-0.09263991564512253,0.04726021736860275,0.9922975301742554,3.085600824732695,False,False,0
-0.09248947352170944,0.04940231516957283,0.9924813508987427,3.0820916386304735,False,False,0
-0.09171295911073685,0.05205998569726944,0.9930216073989868,3.077744636548433,False,False,0
-0.09046008437871933,0.05507025122642517,0.9933061599731445,3.0810400701344314,False,False,0
-0.08877281844615936,0.05829663947224617,0.9933549165725708,3.080578716924524,False,False,0
-0.08673206716775894,0.06164396181702614,0.9936966896057129,3.080678327503017,False,False,0
-0.08441587537527084,0.06502660363912582,0.9941588640213013,3.083055024586726,False,False,0
-0.0818939134478569,0.06842128932476044,0.9944303631782532,3.0872614848518984,False,False,0
-0.07931816577911377,0.07172875851392746,0.9946367740631104,3.0908215930830045,False,False,0
-0.07674912363290787,0.07487663626670837,0.9950165748596191,3.093970693400189,False,False,0
-0.07432051002979279,0.07782503962516785,0.9956397414207458,3.0977847554492026,False,False,0
-0.07206401973962784,0.0804247111082077,0.9962998628616333,3.1035405371326927,False,False,0
-0.07001931220293045,0.0826064720749855,0.996787965297699,3.110245797735974,False,False,0
-0.06839652359485626,0.0842353105545044,0.9971238374710083,3.117530195594227,False,False,0
-0.06740101426839828,0.08522969484329224,0.9977076649665833,3.120526916100629,False,False,0
-0.06718870252370834,0.08567216247320175,0.9984257221221924,3.1250707000603017,False,False,0
-0.06767474859952927,0.08553820103406906,0.9987359046936035,3.126180902164302,False,False,0
-0.06854993849992752,0.08477593213319778,0.9986377954483032,3.1226407819340576,False,False,0
-0.069583959877491,0.08344591408967972,0.9983237385749817,3.119004675166374,False,False,0
-0.07069284468889236,0.08160731196403503,0.99825119972229,3.112656620940151,False,False,0
-0.07186879217624664,0.07942549884319305,0.9984493851661682,3.10926662340041,False,False,0
-0.07324934005737305,0.07709662616252899,0.9983677268028259,3.1080002597826994,False,False,0
-0.07500256597995758,0.07471980899572372,0.9983372688293457,3.102195770806198,False,False,0
-0.0771578848361969,0.07235979288816452,0.9986461997032166,3.097058480034122,False,False,0
-0.07954756915569305,0.07008242607116699,0.9987756013870239,3.0963784143212068,False,False,0
-0.08205021917819977,0.0680755004286766,0.9986653923988342,3.094315507316847,False,False,0
-0.08462799340486526,0.0663713663816452,0.9987010955810547,3.0908359885655865,False,False,0
-0.08725555986166,0.06494472175836563,0.9987924098968506,3.0888991650040656,False,False,0
-0.09004402160644531,0.0638367086648941,0.9988601207733154,3.085193471067659,False,False,0
-0.09303409606218338,0.06298521906137466,0.9989086985588074,3.0818253547119174,False,False,0
-0.0961189866065979,0.062330085784196854,0.9987841248512268,3.0796566299051102,False,False,0
-0.09925791621208191,0.06186359375715256,0.998484194278717,3.0767280379602973,False,False,0
-0.10239652544260025,0.06148306652903557,0.9984080791473389,3.0722182393747546,False,False,0
-0.10534155368804932,0.06113991141319275,0.9982635974884033,3.0729354921380674,False,False,0
-0.10790615528821945,0.06086401641368866,0.9977543950080872,3.073947611860904,False,False,0
-0.10993312299251556,0.06058930605649948,0.9972845315933228,3.074439181536213,False,False,0
-0.11149010062217712,0.06027205288410187,0.9970763921737671,3.074167784146655,False,False,0
-0.1127660945057869,0.059899475425481796,0.9969276189804077,3.0743865823035605,False,False,0
-0.11384592950344086,0.05948423966765404,0.9966752529144287,3.074490255268802,False,False,0
-0.11474687606096268,0.05902744457125664,0.9963839650154114,3.0742929676711346,False,False,0
-0.1154479831457138,0.058564137667417526,0.996076226234436,3.07472102690691,False,False,0
-0.11594826728105545,0.05818722024559975,0.9960736036300659,3.073165049561902,False,False,0
-0.11622949689626694,0.05783627927303314,0.9960460066795349,3.0754966405964037,False,False,0
-0.1161750927567482,0.05741877853870392,0.9955390095710754,3.0748988088969607,False,False,0
-0.115749292075634,0.056855808943510056,0.99497389793396,3.073445410252789,False,False,0
-0.11492028087377548,0.055990759283304214,0.9946171045303345,3.07033842183256,False,False,0
-0.11365529149770737,0.05475356802344322,0.9940982460975647,3.0691468878199366,False,False,0
-0.11206762492656708,0.053152404725551605,0.9931648373603821,3.068275487180685,False,False,0
-0.11015355587005615,0.05122072622179985,0.9922652244567871,3.0663598261699243,False,False,0
-0.10797423124313354,0.04916375130414963,0.9915068745613098,3.0671846084089815,False,False,0
-0.10571713000535965,0.04718814045190811,0.9907539486885071,3.0691046745920514,False,False,0
-0.10353830456733704,0.04537338390946388,0.9901019334793091,3.071669921217674,False,False,0
-0.10159744322299957,0.04372650384902954,0.9894008636474609,3.0753246914489147,False,False,0
-0.09997781366109848,0.0422392338514328,0.9886642694473267,3.0782948618676595,False,False,0
-0.0987652912735939,0.04083247482776642,0.9881832599639893,3.0799885730554486,False,False,0
-0.09796350449323654,0.03932026028633118,0.9876872897148132,3.0810316358570318,False,False,0
-0.09740027040243149,0.03763388842344284,0.9868226051330566,3.080947208737175,False,False,0
-0.09703251719474792,0.03581593185663223,0.9859182834625244,3.0801934247942095,False,False,0
-0.09685947000980377,0.033904723823070526,0.9853722453117371,3.0787051152309433,False,False,0
-0.09677428007125854,0.03198079764842987,0.9848818778991699,3.0788762052302694,False,False,0
-0.09671451896429062,0.030095906928181648,0.9842181205749512,3.0786759419160297,False,False,0
-0.0966581329703331,0.02825159579515457,0.9836997985839844,3.078028894097368,False,False,0
-0.0966622456908226,0.026598529890179634,0.9832603335380554,3.079393566482386,False,False,0
-0.09677694737911224,0.025264091789722443,0.9825810194015503,3.08071005934915,False,False,0
-0.09688112884759903,0.024238597601652145,0.9816854596138,3.0816438707876115,False,False,0
-0.09695791453123093,0.023523783311247826,0.9806854128837585,3.0822626067742482,False,False,0
-0.09709829837083817,0.02310725674033165,0.9797833561897278,3.0832455275169903,False,False,0
-0.09735924750566483,0.023023976013064384,0.9792125225067139,3.083721127108992,False,False,0
-0.09788355231285095,0.023232372477650642,0.9785802960395813,3.081216922140785,False,False,0
-0.09874401986598969,0.02364642545580864,0.9775583148002625,3.0783396055096888,False,False,0
-0.10001029819250107,0.024276919662952423,0.976716935634613,3.0750769987370927,False,False,0
-0.1016571968793869,0.025064945220947266,0.9759650230407715,3.072169110372533,False,False,0
-0.10352664440870285,0.025880977511405945,0.974886417388916,3.069889605718184,False,False,0
-0.10559532046318054,0.026498636230826378,0.9736327528953552,3.06743175511142,False,False,0
-0.10785969346761703,0.026690224185585976,0.9723467826843262,3.064768566526966,False,False,0
-0.11023087799549103,0.02637321874499321,0.9711108803749084,3.0617130711334988,False,False,0
-0.11253099888563156,0.02552100084722042,0.9697439074516296,3.0591536396766683,False,False,0
-0.11445020139217377,0.02412368729710579,0.9680901169776917,3.0569740341806253,False,False,0
-0.11581330746412277,0.022187579423189163,0.9665610790252686,3.055043966605952,False,False,0
-0.11651011556386948,0.019813623279333115,0.9652892351150513,3.053038346111202,False,False,0
-0.11652377247810364,0.017230872064828873,0.9640166759490967,3.0516195135602278,False,False,0
-0.11589360982179642,0.01462943758815527,0.9625405669212341,3.0503963597993717,False,False,0
-0.1144677922129631,0.012123461812734604,0.9609450697898865,3.049409605212601,False,False,0
-0.11229297518730164,0.009837066754698753,0.9596554636955261,3.049657449474183,False,False,0
-0.1096559464931488,0.00787125900387764,0.9587662220001221,3.050995264927166,False,False,0
-0.10675369948148727,0.006265662610530853,0.9581531286239624,3.053015389731584,False,False,0
-0.10371317714452744,0.00502286059781909,0.9573706984519958,3.0559551567083876,False,False,0
-0.10060560703277588,0.0042091794312000275,0.9567179083824158,3.0588394201852376,False,False,0
-0.09755991399288177,0.003907633479684591,0.9565979242324829,3.0621920826236417,False,False,0
-0.09471143037080765,0.004146710969507694,0.9564832448959351,3.066582525124366,False,False,0
-0.09222228825092316,0.0049046617932617664,0.9561832547187805,3.0712143408959665,False,False,0
-0.09037928283214569,0.006110010202974081,0.955873429775238,3.075787998147503,False,False,0
-0.08931244164705276,0.007615745533257723,0.9556539058685303,3.0789047510159717,False,False,0
-0.08899770677089691,0.00927694607526064,0.9553869366645813,3.080219443420355,False,False,0
-0.0893411710858345,0.010896521620452404,0.9547907114028931,3.0806799618434786,False,False,0
-0.0902310386300087,0.012174374423921108,0.9538626670837402,3.0803277844674377,False,False,0
-0.09154040366411209,0.012945273891091347,0.952815055847168,3.0792992227636513,False,False,0
-0.09312063455581665,0.013073492795228958,0.9518386721611023,3.077297053430273,False,False,0
-0.09488841891288757,0.012543165124952793,0.9508220553398132,3.0735718742491502,False,False,0
-0.09677214175462723,0.011568347923457623,0.949484646320343,3.0694087343762186,False,False,0
-0.0987078920006752,0.010374954901635647,0.9482182860374451,3.067536118748765,False,False,0
-0.10058228671550751,0.009195960126817226,0.9471379518508911,3.0661926621560114,False,False,0
-0.10222773998975754,0.008140726946294308,0.9457573294639587,3.0645301220105776,False,False,0
-0.10351899266242981,0.007187287323176861,0.9441840052604675,3.064603314555427,False,False,0
-0.10446559637784958,0.0062932418659329414,0.9428664445877075,3.0657364669465452,False,False,0
-0.10524089634418488,0.005475766025483608,0.941892683506012,3.066319939186999,False,False,0
-0.1059582382440567,0.004941992461681366,0.9409409165382385,3.0659549594663553,False,False,0
-0.10654160380363464,0.004823881201446056,0.9397912621498108,3.065148772344595,False,False,0
-0.10683446377515793,0.0051804096437990665,0.9385873675346375,3.0649171006453897,False,False,0
-0.10671905428171158,0.006106375250965357,0.9376300573348999,3.0644136299813516,False,False,0
-0.10619392991065979,0.007559523917734623,0.937128484249115,3.0628416759914954,False,False,0
-0.10532240569591522,0.00942356139421463,0.9365385174751282,3.0611347981275716,False,False,0
-0.10426114499568939,0.011598250828683376,0.9358875155448914,3.061551209386572,False,False,0
-0.1031554788351059,0.013939717784523964,0.9355415105819702,3.06296370416103,False,False,0
-0.1019321009516716,0.016313953325152397,0.9352752566337585,3.0642702646415376,False,False,0
-0.1005069687962532,0.018710076808929443,0.9348783493041992,3.0656668816980748,False,False,0
-0.09883537888526917,0.02102435566484928,0.9342915415763855,3.0676311712802806,False,False,0
-0.09685499966144562,0.023049602285027504,0.9338007569313049,3.0707153736903647,False,False,0
-0.09459654986858368,0.02469106763601303,0.9333266615867615,3.073318161117407,False,False,0
-0.09213580191135406,0.026002926751971245,0.9331170916557312,3.07636432803031,False,False,0
-0.08966562151908875,0.027067571878433228,0.933213472366333,3.080014024773936,False,False,0
-0.08732226490974426,0.02797866426408291,0.933082103729248,3.0835789395748896,False,False,0
-0.08523587137460709,0.028809720650315285,0.9328332543373108,3.0879663411593543,False,False,0
-0.08345337212085724,0.02948654629290104,0.9327493906021118,3.0916135622686025,False,False,0
-0.08180272579193115,0.02986997924745083,0.9325486421585083,3.0940958247449637,False,False,0
-0.0802520215511322,0.02988598681986332,0.9321683645248413,3.0964125514944745,False,False,0
-0.0789596438407898,0.02954121306538582,0.9320061206817627,3.0991906563786675,False,False,0
-0.07799740880727768,0.02885165810585022,0.9320064187049866,3.1002921980972347,False,False,0
-0.0772726908326149,0.02794915996491909,0.9316610097885132,3.1000339671095434,False,False,0
-0.07665473222732544,0.026957476511597633,0.9314352869987488,3.100804589713485,False,False,0
-0.07593543082475662,0.025989806279540062,0.9313579797744751,3.1010326646982835,False,False,0
-0.07504940778017044,0.02522776648402214,0.9311045408248901,3.1019565411386703,False,False,0
-0.07415156066417694,0.024712277576327324,0.9310025572776794,3.103819949063729,False,False,0
-0.07333659380674362,0.024313777685165405,0.9309453964233398,3.104937910417453,False,False,0
-0.072598896920681,0.023977523669600487,0.9308042526245117,3.1062952041218552,False,False,0
-0.07199635356664658,0.02382175624370575,0.9307970404624939,3.108067011763372,False,False,0
-0.0715271383523941,0.023991096764802933,0.931152880191803,3.107085991740826,False,False,0
-0.07117830961942673,0.02459731139242649,0.9313404560089111,3.107085163486904,False,False,0
-0.0709424763917923,0.02576468512415886,0.9311140179634094,3.10415604176491,False,False,0
-0.07080152630805969,0.02745191380381584,0.9309603571891785,3.102625796082962,False,False,0
-0.0706557035446167,0.029346585273742676,0.9309438467025757,3.1030133943280354,False,False,0
-0.07038367539644241,0.031153103336691856,0.9306511282920837,3.1044708762423032,False,False,0
-0.07007727026939392,0.032639022916555405,0.9303082823753357,3.108057185828442,False,False,0
-0.06975872069597244,0.033648066222667694,0.930019736289978,3.1110501500098997,False,False,0
-0.06936783343553543,0.03427198529243469,0.9296536445617676,3.1126695021615203,False,False,0
-0.06895135343074799,0.03472140431404114,0.9293944239616394,3.114139485441149,False,False,0
-0.0684930682182312,0.03514765575528145,0.9292882680892944,3.1142721504715314,False,False,0
-0.06796662509441376,0.03571942821145058,0.9291518926620483,3.1137618578831723,False,False,0
-0.06744518876075745,0.0365232415497303,0.9289773106575012,3.113592355912063,False,False,0
-0.06690327823162079,0.0374290831387043,0.9291763305664062,3.113661132346358,False,False,0
-0.06631725281476974,0.03824684023857117,0.9295170903205872,3.1154321808375784,False,False,0
-0.06562111526727676,0.038962382823228836,0.9296388030052185,3.1160335408423423,False,False,0
-0.06479313969612122,0.03968627750873566,0.9297709465026855,3.1164284335328536,False,False,0
-0.0638841912150383,0.04041147232055664,0.9299281239509583,3.117244634777006,False,False,0
-0.06288741528987885,0.04110800102353096,0.9299958944320679,3.118261083045138,False,False,0
-0.06197274476289749,0.041819117963314056,0.9301502108573914,3.1199376675184323,False,False,0
-0.06129481643438339,0.042567603290081024,0.930495023727417,3.1213228638584565,False,False,0
-0.06092236563563347,0.043318625539541245,0.9308390617370605,3.123257853213618,False,False,0
-0.06088729575276375,0.04397037625312805,0.9308561086654663,3.1248463090175496,False,False,0
-0.06097198650240898,0.04428128898143768,0.9307928085327148,3.1278052155202,False,False,0
-0.060842324048280716,0.044102802872657776,0.9305738806724548,3.1247460279066797,False,False,0
-0.06024731323122978,0.043561480939388275,0.9300922155380249,3.121747035836599,False,False,0
-0.059110380709171295,0.042732663452625275,0.9297986030578613,3.119761453918827,False,False,0
-0.05756020545959473,0.04167256876826286,0.9297574758529663,3.118691225089769,False,False,0
-0.05583128705620766,0.04042903706431389,0.9297730326652527,3.118994729425527,False,False,0
-0.05419011414051056,0.03912870213389397,0.9300145506858826,3.121082118796563,False,False,0
-0.052893396466970444,0.038016367703676224,0.9305791258811951,3.1242494856723435,False,False,0
-0.05207572877407074,0.03722071275115013,0.9310654997825623,3.128993796567841,False,False,0
-0.05179968476295471,0.03688930720090866,0.931315004825592,3.133405886986762,False,False,0
-0.05218754708766937,0.037015825510025024,0.9317018389701843,3.1287079472192554,False,False,0
-0.05326605960726738,0.03756384551525116,0.932234525680542,3.123501039888884,False,False,0
-0.05509461089968681,0.038550350815057755,0.9327654838562012,3.1168693271801837,False,False,0
-0.05770067870616913,0.03984284773468971,0.933312177658081,3.11034569561726,False,False,0
-0.06090865284204483,0.041306909173727036,0.9336616396903992,3.104996891838832,False,False,0
-0.0645952820777893,0.04280894622206688,0.9339426755905151,3.099483575720834,False,False,0
-0.06857431679964066,0.04415035992860794,0.9342775344848633,3.095758725047948,False,False,0
-0.07257606089115143,0.045267146080732346,0.9344289898872375,3.093036477246575,False,False,0
-0.0764889344573021,0.0462026409804821,0.9342262148857117,3.090601867428254,False,False,0
-0.08021775633096695,0.046938661485910416,0.9341139793395996,3.088774433746001,False,False,0
-0.08377044647932053,0.04748116433620453,0.9343805909156799,3.0862896435368676,False,False,0
-0.08714935928583145,0.04793499782681465,0.9345301389694214,3.0848679737591844,False,False,0
-0.09023713320493698,0.048455819487571716,0.9347296357154846,3.0835825955611345,False,False,0
-0.09297481924295425,0.049078792333602905,0.9350563883781433,3.0833752386692455,False,False,0
-0.09527862817049026,0.04982806742191315,0.9351754188537598,3.083913899187164,False,False,0
-0.0971202552318573,0.050763580948114395,0.9354121685028076,3.084022400083612,False,False,0
-0.09847533702850342,0.0517745278775692,0.9356525540351868,3.085923390176065,False,False,0
-0.09929216653108597,0.05273623764514923,0.9357276558876038,3.087809959350664,False,False,0
-0.09972072392702103,0.05364193394780159,0.9357704520225525,3.088615446863782,False,False,0
-0.09984317421913147,0.05455445125699043,0.9359956979751587,3.0883205400036697,False,False,0
-0.09963959455490112,0.05555379018187523,0.936127781867981,3.088209962121334,False,False,0
-0.09912817180156708,0.056824930012226105,0.935900866985321,3.086251555554794,False,False,0
-0.09825678914785385,0.058508165180683136,0.9359344840049744,3.084027566131484,False,False,0
-0.09704568982124329,0.0606306716799736,0.9362120032310486,3.082686277897175,False,False,0
-0.0955234095454216,0.06317755579948425,0.9362590909004211,3.0821408279378564,False,False,0
-0.0936969444155693,0.0659838318824768,0.9362454414367676,3.082918190878837,False,False,0
-0.09155966341495514,0.06882701069116592,0.9363680481910706,3.084587458976713,False,False,0
-0.08903571963310242,0.07161780446767807,0.9364817142486572,3.0865285249615266,False,False,0
-0.08620135486125946,0.07435551285743713,0.9366422295570374,3.089196867674961,False,False,0
-0.08321321755647659,0.07698104530572891,0.937026858329773,3.09257220301746,False,False,0
-0.08015971630811691,0.07948612421751022,0.9371968507766724,3.0968578108559695,False,False,0
-0.07713499665260315,0.08194689452648163,0.9372313022613525,3.100784993850681,False,False,0
-0.07421566545963287,0.08429709076881409,0.9375198483467102,3.1051883473231836,False,False,0
-0.07137183099985123,0.08644765615463257,0.9377539157867432,3.109700783201302,False,False,0
-0.06858948618173599,0.08834623545408249,0.9375352263450623,3.1145312454330023,False,False,0
-0.06591397523880005,0.08979655802249908,0.9373229146003723,3.119602189808254,False,False,0
-0.06337461620569229,0.09066475927829742,0.9371486306190491,3.1244172347627313,False,False,0
-0.060971032828092575,0.09091866761445999,0.9366855025291443,3.1276040665360694,False,False,0
-0.05864454805850983,0.09059727191925049,0.9361689686775208,3.1300597040550824,False,False,0
-0.056546080857515335,0.08979728072881699,0.9358606338500977,3.133049766774432,False,False,0
-0.05492188781499863,0.08866575360298157,0.9356065988540649,3.136176156428812,False,False,0
-0.05387849360704422,0.08740748465061188,0.9353010654449463,3.1387953226202723,False,False,0
-0.05337589979171753,0.08610262721776962,0.9348803758621216,3.139520516135527,False,False,0
-0.053264766931533813,0.08481846749782562,0.9342234134674072,3.1392778994567303,False,False,0
-0.053461041301488876,0.08370049297809601,0.9335954785346985,3.140251594338971,False,False,0
-0.05390920490026474,0.08274992555379868,0.9329911470413208,3.139292206859503,False,False,0
-0.05445963889360428,0.08188991248607635,0.9321719408035278,3.1377802826164065,False,False,0
-0.05507202446460724,0.08109742403030396,0.9312359690666199,3.136877557653974,False,False,0
-0.05566610395908356,0.08031580597162247,0.930374801158905,3.1368089649858177,False,False,0
-0.05613980069756508,0.07951170951128006,0.9296403527259827,3.136683566003902,False,False,0
-0.05652014538645744,0.07868083566427231,0.9286388754844666,3.1336534497627557,False,False,0
-0.05679210275411606,0.07783780992031097,0.9274837970733643,3.133994511527064,False,False,0
-0.05705564469099045,0.076969213783741,0.9266988039016724,3.1353144125025154,False,False,0
-0.05739094689488411,0.07608014345169067,0.9260284304618835,3.1339427323535936,False,False,0
-0.05779324099421501,0.0752020925283432,0.9254263639450073,3.1340311231820834,False,False,0
-0.058232951909303665,0.0742829293012619,0.9247386455535889,3.1317875570084004,False,False,0
-0.05856100469827652,0.0732894167304039,0.9238809943199158,3.1309566910108306,False,False,0
-0.058733340352773666,0.07219453155994415,0.9231501221656799,3.130867208262379,False,False,0
-0.05872315168380737,0.07096488028764725,0.9225640296936035,3.129831051519165,False,False,0
-0.05844143405556679,0.06951066106557846,0.9221493005752563,3.1284529745667986,False,False,0
-0.05807045102119446,0.06780742853879929,0.9217123985290527,3.126636343012208,False,True,0
